"Отметка времени","Мальчик или девочка?","Как часто тебя били в детстве?","Оцените ваш уровень вегетарианца по 5-ти бальной шкале","Что такое два.ч?","Твоя ориентация?","Погулять вечером после тяжкого рабочего дня, или посычевать дома?","Как часто играешь в игры?","Сериалы?","А книги? ","Вы таки антисемит? ","Какой предмет ближе всего по душе?","Как вы относитесь к аннексии Крыма?","Владимир Путин - ","Как хорошо вы знаете английский?","Было ли раньше лучше? ","А какие жанры фильмов любишь? "
"2019/06/09 11:22:10 PM GMT+5","Девочка","Не били","2","Не знаю","Гетеро","Сычевать","1","1","3","Нет","Литература","Положительно","Краб","Чуть лучше, чем ничего","Нет","Детектив;Аниме;Драма;Комедия;Исторический фильм;Трагедия;Фантастика"
"2019/06/09 11:27:42 PM GMT+5","Мальчик","Разве что по делу","2","Ненавижу Абу","Гетеро","Сычевать","3","1","2","Нет","Матеша","Мне всё равно","человек","Хорошо","Нет","Детектив;Трагедия;Фильм ужасов;Фантастика"
"2019/06/09 11:30:06 PM GMT+5","Девочка","Разве что по делу","2","Паблик в вк","Гетеро","Гулять","0","1","3","Нет","Информатика","Мне всё равно","Политик, лидер и боец","Хорошо","Нет","Боевик;Детектив;Комедия;Мелодрама;Фантастика"
"2019/06/09 11:30:07 PM GMT+5","Мальчик","Разве что по делу","0","Лучшая борда рунета","Гетеро","Гулять","2","3","4","Нет","Информатика","Отрицательно","Политик, лидер и боец","Хорошо","А колбаса какая, колбаса...","Боевик;Детектив;Аниме;Комедия;Мелодрама;Исторический фильм;Фантастика"
"2019/06/09 11:31:37 PM GMT+5","Мальчик","Не били","1","Ненавижу Абу","Гетеро","Сычевать","6","4","3","Нет","Информатика","Мне всё равно","Политик, лидер и боец","Чуть лучше, чем ничего","А колбаса какая, колбаса...","Боевик;Детектив;Аниме;Драма;Комедия;Исторический фильм;Фильм ужасов"
"2019/06/09 11:32:14 PM GMT+5","Мальчик","Разве что по делу","0","Ненавижу Абу","Би","Сычевать","7","7","7","Нет","Информатика","Мне всё равно","Молодец","НЭЙТИВ ИНГЛИШ СПИКЕР","Нет","Аниме"
"2019/06/09 11:33:28 PM GMT+5","Мальчик","Разве что по делу","0","Паблик в вк","Гетеро","Сычевать","2","5","5","Нет","Информатика","Мне всё равно","Политик, лидер и боец","Чуть лучше, чем ничего","А колбаса какая, колбаса...","Боевик;Детектив;Аниме;Драма;Комедия;Мелодрама;Исторический фильм;Трагедия;Фильм ужасов;Фантастика"
"2019/06/09 11:34:40 PM GMT+5","Девочка","Разве что по делу","1","Не знаю","Альтернативная","Сычевать","1","4","4","Я просто боюсь евреев","Матеша","Мне всё равно","Политик, лидер и боец","Чуть лучше, чем ничего","Нет","Боевик;Аниме;Драма;Комедия;Мелодрама;Фильм ужасов;Фантастика"
"2019/06/09 11:34:48 PM GMT+5","Мальчик","Не били","1","Лучшая борда рунета","Гетеро","Сычевать","0","0","0","Нет","Информатика","Положительно","Политик, лидер и боец","Нормально","Нет","Драма"
"2019/06/09 11:35:04 PM GMT+5","Мальчик","Не били","0","Паблик в вк","Гетеро","Сычевать","0","0","0","Я просто боюсь евреев","Матеша","Положительно","ЛЮБЛЮ РОССИЮ","Оригатоё гайзаймас","А колбаса какая, колбаса...","Аниме"
"2019/06/09 11:35:51 PM GMT+5","Мальчик","Не били","2","Паблик в вк","Гетеро","Сычевать","1","2","0","Нет","Информатика","Отрицательно","Политик, лидер и боец","Чуть лучше, чем ничего","Нет","Боевик;Трагедия;Фильм ужасов;Фантастика"
"2019/06/09 11:36:09 PM GMT+5","Девочка","Часто","1","Лучшая борда рунета","Би","Сычевать","7","7","7","Нет","История","Положительно","Правило исключенного третьего","Оригатоё гайзаймас","Нет","Аниме"
"2019/06/09 11:37:02 PM GMT+5","Девочка","Не били","0","Не знаю","Гетеро","Гулять","0","0","2","Нет","Матеша","Положительно","Молодец","Чуть лучше, чем ничего","Нет","Боевик;Комедия;Исторический фильм;Фильм ужасов;Фантастика"
"2019/06/09 11:38:10 PM GMT+5","Мальчик","Разве что по делу","0","Ненавижу Абу","Альтернативная","Сычевать","7","7","7","Я просто боюсь евреев","Матеша","Мне всё равно","краб","Чуть лучше, чем ничего","А колбаса какая, колбаса...","Детектив;Аниме;Комедия;Фантастика"
"2019/06/09 11:38:15 PM GMT+5","Мальчик","Разве что по делу","1","Ненавижу Абу","Гетеро","Сычевать","2","2","0","Да","Иностранные языки","Отрицательно","Политик, лидер и боец","НЭЙТИВ ИНГЛИШ СПИКЕР","Нет","Драма;Трагедия;Фильм ужасов;Фантастика"
"2019/06/09 11:38:30 PM GMT+5","Мальчик","Разве что по делу","3","Лучшая борда рунета","Гетеро","Гулять","6","4","6","Я просто боюсь евреев","Информатика","Отрицательно","Политик, лидер и боец","Чуть лучше, чем ничего","А колбаса какая, колбаса...","Боевик;Аниме;Комедия;Фильм ужасов;Фантастика"
"2019/06/09 11:39:53 PM GMT+5","Мальчик","Не били","0","Лучшая борда рунета","Гетеро","Сычевать","4","5","4","Нет","Информатика","Положительно","Молодец","НЭЙТИВ ИНГЛИШ СПИКЕР","А колбаса какая, колбаса...","Боевик;Детектив;Комедия;Фильм ужасов;Фантастика"
"2019/06/09 11:40:47 PM GMT+5","Мальчик","Разве что по делу","0","Лучшая борда рунета","Гетеро","Сычевать","7","0","3","Я просто боюсь евреев","Физика","Положительно","Политик, лидер и боец","Хорошо","Нет","Драма;Комедия;Исторический фильм;Трагедия"
"2019/06/09 11:41:50 PM GMT+5","Мальчик","Разве что по делу","4","Ненавижу Абу","Би","Сычевать","7","5","1","Нет","Биология","Отрицательно","краб","Отлично","Нет","Аниме;Фильм ужасов;Фантастика"
"2019/06/09 11:42:00 PM GMT+5","Девочка","Разве что по делу","0","Паблик в вк","Гетеро","Сычевать","4","2","4","Нет","Матеша","Мне всё равно","Молодец","Нормально","А колбаса какая, колбаса...","Детектив;Комедия;Исторический фильм;Фантастика"
"2019/06/09 11:42:25 PM GMT+5","Мальчик","Разве что по делу","0","Не знаю","Гетеро","Сычевать","7","7","2","Нет","Информатика","Мне всё равно","Пдр. Гласные сами расставите.","Оригатоё гайзаймас","А колбаса какая, колбаса...","Аниме"
"2019/06/09 11:42:49 PM GMT+5","Мальчик","Разве что по делу","1","Ненавижу Абу","Би","Сычевать","7","3","1","Я просто боюсь евреев","Матеша","Отрицательно","Пёс","НЭЙТИВ ИНГЛИШ СПИКЕР","Нет","Боевик;Детектив;Аниме;Драма;Комедия;Мелодрама;Исторический фильм;Трагедия;Фильм ужасов;Фантастика"
"2019/06/09 11:43:08 PM GMT+5","Мальчик","Разве что по делу","3","Лучшая борда рунета","Би","Сычевать","2","4","2","Я просто боюсь евреев","Информатика","Мне всё равно","Красавчик","Чуть лучше, чем ничего","Нет","Боевик;Детектив;Аниме;Драма;Комедия;Фильм ужасов"
"2019/06/09 11:47:00 PM GMT+5","Мальчик","Разве что по делу","1","Паблик в вк","Гетеро","Сычевать","2","1","1","Нет","Матеша","Положительно","Молодец","НЭЙТИВ ИНГЛИШ СПИКЕР","Нет","Драма;Фильм ужасов"
"2019/06/09 11:47:47 PM GMT+5","Девочка","Не били","3","Не знаю","Альтернативная","Сычевать","2","2","2","Нет","Информатика","Мне всё равно","Президент РФ до ???? года","Оригатоё гайзаймас","Нет","Детектив;Аниме;Фантастика"
"2019/06/09 11:48:47 PM GMT+5","Мальчик","Не били","3","Лучшая борда рунета","Гетеро","Сычевать","5","5","1","Нет","Информатика","Отрицательно","Я не хочу сидеть поэтому промолчу ","Чуть лучше, чем ничего","Нет","Детектив;Аниме;Драма;Комедия;Трагедия;Фантастика"
"2019/06/09 11:49:16 PM GMT+5","Мальчик","Не били","5","Ненавижу Абу","Гетеро","Гулять","5","7","7","Я просто боюсь евреев","Информатика","Мне всё равно","Царь","Оригатоё гайзаймас","А колбаса какая, колбаса...","Аниме"
"2019/06/09 11:51:31 PM GMT+5","Мальчик","Разве что по делу","1","Лучшая борда рунета","Гетеро","Гулять","4","4","1","Нет","Матеша","Мне всё равно","Политик, лидер и боец","Чуть лучше, чем ничего","Нет","Детектив;Драма;Комедия;Мелодрама;Фантастика"
"2019/06/09 11:51:34 PM GMT+5","Мальчик","Часто","0","Ненавижу Абу","Гетеро","Сычевать","3","1","0","Нет","Иностранные языки","Мне всё равно","Политик, лидер и боец","Оригатоё гайзаймас","А колбаса какая, колбаса...","Аниме;Комедия;Мелодрама;Фильм ужасов"
"2019/06/09 11:52:05 PM GMT+5","Мальчик","Часто","0","Ненавижу Абу","Альтернативная","Сычевать","5","0","3","Я просто боюсь евреев","Информатика","Мне всё равно","Политик, лидер и боец","НЭЙТИВ ИНГЛИШ СПИКЕР","Нет","Аниме"
"2019/06/09 11:52:20 PM GMT+5","Девочка","Не били","2","Ненавижу Абу","Гетеро","Сычевать","3","5","1","Нет","Иностранные языки","Отрицательно","Политик, лидер и боец","Отлично","Нет","Детектив;Драма;Комедия;Мелодрама;Трагедия"
"2019/06/09 11:53:23 PM GMT+5","Девочка","Не били","4","Паблик в вк","Гетеро","Сычевать","0","3","6","Нет","Литература","Мне всё равно","Молодец","Чуть лучше, чем ничего","А колбаса какая, колбаса...","Детектив;Драма;Комедия;Мелодрама;Исторический фильм;Фильм ужасов;Фантастика"
"2019/06/09 11:54:36 PM GMT+5","Мальчик","Разве что по делу","0","Лучшая борда рунета","Гетеро","Сычевать","7","0","0","Да","Матеша","Положительно","leatherman","Отлично","Нет","Комедия;Фантастика"
"2019/06/09 11:57:22 PM GMT+5","Мальчик","Разве что по делу","0","Паблик в вк","Альтернативная","Сычевать","0","3","1","Я просто боюсь евреев","Информатика","Мне всё равно","Хз кто такой","Чуть лучше, чем ничего","А колбаса какая, колбаса...","Боевик;Детектив;Драма;Комедия;Мелодрама;Трагедия;Фильм ужасов;Фантастика"
"2019/06/09 11:57:38 PM GMT+5","Мальчик","Не били","1","Лучшая борда рунета","Гетеро","Сычевать","4","3","1","Нет","Информатика","Мне всё равно","Молодец","Чуть лучше, чем ничего","Нет","Боевик;Детектив;Комедия;Трагедия;Фильм ужасов;Фантастика"
"2019/06/09 11:59:58 PM GMT+5","Мальчик","Не били","1","Не знаю","Гетеро","Сычевать","5","0","0","Я просто боюсь евреев","Информатика","Мне всё равно","Политик, лидер и боец","Оригатоё гайзаймас","А колбаса какая, колбаса...","Аниме"
"2019/06/10 12:00:04 AM GMT+5","Девочка","Не били","1","Паблик в вк","Гетеро","Сычевать","0","3","5","Нет","История","Мне всё равно","Политик, лидер и боец","Нормально","Нет","Детектив;Драма;Комедия;Мелодрама;Исторический фильм;Трагедия"
"2019/06/10 12:00:16 AM GMT+5","Мальчик","Не били","1","Лучшая борда рунета","Гетеро","Сычевать","7","3","2","Нет","Информатика","Мне всё равно","Политие, лидер, огурец","Оригатоё гайзаймас","Нет","Боевик;Аниме;Комедия;Фантастика"
"2019/06/10 12:00:21 AM GMT+5","Мальчик","Не били","2","Лучшая борда рунета","Альтернативная","Сычевать","7","5","0","Да","Информатика","Мне всё равно","Молодец","Оригатоё гайзаймас","А колбаса какая, колбаса...","Аниме"
"2019/06/10 12:00:51 AM GMT+5","Мальчик","Разве что по делу","1","Лучшая борда рунета","Гетеро","Сычевать","2","0","2","Нет","Иностранные языки","Мне всё равно","Значит так. Путин, в первую очередь, президент РФ.","Отлично","Нет","Боевик;Детектив;Аниме;Драма;Комедия;Мелодрама;Исторический фильм;Трагедия;Фильм ужасов;Фантастика"
"2019/06/10 12:01:37 AM GMT+5","Мальчик","Не били","3","Ненавижу Абу","Гетеро","Гулять","5","0","1","Нет","Матеша","Отрицательно","Политик, лидер и боец","Чуть лучше, чем ничего","А колбаса какая, колбаса...","Комедия"
"2019/06/10 12:04:42 AM GMT+5","Мальчик","Разве что по делу","1","Не знаю","Гетеро","Сычевать","7","2","7","Нет","История","Мне всё равно","Политик, лидер и боец","Чуть лучше, чем ничего","А колбаса какая, колбаса...","Фантастика"
"2019/06/10 12:05:28 AM GMT+5","Мальчик","Не били","0","Паблик в вк","Гетеро","Сычевать","3","1","1","Нет","История","Мне всё равно","Политик, лидер и боец","Чуть лучше, чем ничего","А колбаса какая, колбаса...","Детектив;Комедия"
"2019/06/10 12:08:16 AM GMT+5","Девочка","Разве что по делу","3","Паблик в вк","Гетеро","Гулять","0","2","1","Нет","Иностранные языки","Положительно","Политик, лидер и боец","Нормально","Нет","Детектив;Драма;Комедия;Исторический фильм;Трагедия"
"2019/06/10 12:10:48 AM GMT+5","Мальчик","Разве что по делу","4","Лучшая борда рунета","Гетеро","Гулять","7","1","4","Нет","Химия","Мне всё равно","Политик, лидер и боец","Хорошо","Нет","Драма;Комедия;Фантастика"
"2019/06/10 12:11:34 AM GMT+5","Мальчик","Не били","1","Паблик в вк","Гетеро","Сычевать","2","7","4","Нет","Физика","Мне всё равно","Просто другое","Нормально","Нет","Боевик;Драма;Комедия;Фантастика"
"2019/06/10 12:13:20 AM GMT+5","Мальчик","Не били","0","Лучшая борда рунета","Гетеро","Сычевать","3","5","0","Нет","Информатика","Мне всё равно","Политик, лидер и боец","Нормально","А колбаса какая, колбаса...","Боевик;Детектив;Драма;Комедия;Трагедия;Фантастика"
"2019/06/10 12:14:34 AM GMT+5","Мальчик","Разве что по делу","3","Лучшая борда рунета","Гетеро","Сычевать","5","7","2","Нет","Литература","Мне всё равно","Владимирович","Чуть лучше, чем ничего","А колбаса какая, колбаса...","Боевик;Детектив;Аниме;Драма;Комедия;Мелодрама;Трагедия;Фильм ужасов;Фантастика"
"2019/06/10 12:17:24 AM GMT+5","Девочка","Разве что по делу","2","Паблик в вк","Гетеро","Сычевать","0","5","3","Нет","Иностранные языки","Положительно","Политик, лидер и боец","Отлично","Нет","Детектив;Драма;Комедия;Мелодрама;Фильм ужасов;Фантастика"
"2019/06/10 12:20:01 AM GMT+5","Мальчик","Не били","1","Лучшая борда рунета","Гетеро","Сычевать","5","2","0","Нет","Информатика","Мне всё равно","Хуй","Оригатоё гайзаймас","А колбаса какая, колбаса...","Аниме;Драма;Фантастика"
"2019/06/10 12:37:22 AM GMT+5","Мальчик","Не били","0","Ненавижу Абу","Би","Гулять","7","5","7","Нет","Литература","Отрицательно","Хуйло","Хорошо","Нет","Детектив;Аниме;Драма;Комедия;Исторический фильм;Фильм ужасов;Фантастика"
"2019/06/10 12:40:43 AM GMT+5","Девочка","Не били","5","Лучшая борда рунета","Альтернативная","Гулять","0","4","7","Я просто боюсь евреев","Физика","Мне всё равно","Красное Солнышко","Чуть лучше, чем ничего","Нет","Боевик"
"2019/06/10 12:45:41 AM GMT+5","Девочка","Разве что по делу","0","Паблик в вк","Гетеро","Сычевать","2","5","5","Нет","Матеша","Мне всё равно","Бессмертный ","Хорошо","Нет","Детектив;Аниме;Драма;Комедия"
"2019/06/10 12:47:11 AM GMT+5","Девочка","Не били","3","Не знаю","Гетеро","Гулять","0","2","5","Нет","Биология","Мне всё равно","-","Хорошо","Нет","Боевик;Детектив;Драма;Комедия;Мелодрама"
"2019/06/10 12:47:21 AM GMT+5","Девочка","Не били","3","Не знаю","Гетеро","Гулять","0","2","5","Нет","Биология","Мне всё равно","-","Хорошо","Нет","Боевик;Детектив;Драма;Комедия;Мелодрама"
"2019/06/10 12:48:03 AM GMT+5","Девочка","Разве что по делу","3","Лучшая борда рунета","Гетеро","Гулять","5","7","7","Нет","Матеша","Мне всё равно","Политик, лидер и боец","Чуть лучше, чем ничего","Нет","Аниме;Комедия;Мелодрама;Фантастика"
"2019/06/10 12:49:31 AM GMT+5","Девочка","Разве что по делу","5","Лучшая борда рунета","Би","Гулять","0","4","4","Нет","Физика","Мне всё равно","Молодец","Чуть лучше, чем ничего","Нет","Боевик"
"2019/06/10 12:53:52 AM GMT+5","Девочка","Не били","0","Паблик в вк","Гетеро","Сычевать","2","7","3","Я просто боюсь евреев","Матеша","Мне всё равно","Политик, лидер и боец","Чуть лучше, чем ничего","А колбаса какая, колбаса...","Боевик;Детектив;Драма;Комедия;Мелодрама;Фильм ужасов;Фантастика"
"2019/06/10 1:00:24 AM GMT+5","Девочка","Часто","2","Паблик в вк","Гетеро","Сычевать","1","3","1","Нет","Биология","Мне всё равно","Не молодец","Нормально","Нет","Детектив;Драма;Мелодрама;Трагедия"
"2019/06/10 1:51:46 AM GMT+5","Мальчик","Не били","0","Не знаю","Гетеро","Сычевать","2","4","0","Нет","Информатика","Мне всё равно","Президент","Чуть лучше, чем ничего","А колбаса какая, колбаса...","Боевик;Детектив;Фантастика"
"2019/06/10 1:55:45 AM GMT+5","Девочка","Разве что по делу","1","Лучшая борда рунета","Гетеро","Сычевать","2","4","1","Нет","Информатика","Мне всё равно","Политик, лидер и боец","Отлично","А колбаса какая, колбаса...","Детектив;Аниме;Комедия;Фантастика"
"2019/06/10 5:22:07 AM GMT+5","Мальчик","Разве что по делу","0","Ненавижу Абу","Би","Гулять","4","2","3","Нет","Информатика","Мне всё равно","Политик, лидер и боец","Нормально","А колбаса какая, колбаса...","Детектив;Аниме;Комедия;Фантастика"
"2019/06/10 5:53:20 AM GMT+5","Девочка","Разве что по делу","3","Паблик в вк","Гетеро","Сычевать","0","0","5","Нет","Матеша","Мне всё равно","Хз","Хорошо","А колбаса какая, колбаса...","Драма;Комедия;Мелодрама"
"2019/06/10 7:21:43 AM GMT+5","Девочка","Не били","2","Паблик в вк","Гетеро","Сычевать","0","2","2","Нет","Информатика","Положительно","Политик, лидер и боец","Хорошо","Нет","Детектив;Аниме;Драма;Комедия;Исторический фильм;Фантастика"
"2019/06/10 7:57:44 AM GMT+5","Девочка","Разве что по делу","2","Паблик в вк","Гетеро","Гулять","0","0","3","Нет","Матеша","Мне всё равно","Рептилоид","Нормально","Нет","Комедия;Мелодрама;Фильм ужасов"
"2019/06/10 8:22:28 AM GMT+5","Мальчик","Не били","0","Ненавижу Абу","Би","Сычевать","4","0","4","Нет","Информатика","Мне всё равно","Политик, лидер и боец","Хорошо","А колбаса какая, колбаса...","Исторический фильм"
"2019/06/10 8:35:58 AM GMT+5","Мальчик","Разве что по делу","3","Не знаю","Би","Сычевать","2","6","3","Нет","Информатика","Мне всё равно","Политик, лидер и боец","Хорошо","А колбаса какая, колбаса...","Детектив;Драма;Мелодрама;Фантастика"
"2019/06/10 8:38:35 AM GMT+5","Мальчик","Разве что по делу","2","Ненавижу Абу","Гетеро","Сычевать","3","2","3","Нет","Информатика","Отрицательно","рептилоид","Хорошо","Нет","Аниме;Драма;Мелодрама;Исторический фильм;Фантастика"
"2019/06/10 8:42:07 AM GMT+5","Девочка","Не били","1","Не знаю","Гетеро","Гулять","1","2","2","Нет","Информатика","Мне всё равно","Сказочный или реальный?","Нормально","Нет","Фантастика"
"2019/06/10 9:01:31 AM GMT+5","Мальчик","Не били","2","Ненавижу Абу","Гетеро","Сычевать","5","2","1","Нет","Информатика","Мне всё равно","хуйло","Отлично","А колбаса какая, колбаса...","Боевик;Детектив;Драма;Комедия;Мелодрама;Исторический фильм;Трагедия;Фантастика"
"2019/06/10 9:17:26 AM GMT+5","Мальчик","Разве что по делу","0","Не знаю","Гетеро","Гулять","4","4","7","Нет","Информатика","Положительно","Политик, лидер и боец","Нормально","Нет","Боевик;Аниме;Исторический фильм;Фантастика"
"2019/06/10 9:27:24 AM GMT+5","Девочка","Разве что по делу","3","Паблик в вк","Гетеро","Гулять","0","1","5","Нет","Литература","Мне всё равно","Политик, лидер и боец","Хорошо","Нет","Аниме;Комедия;Исторический фильм;Фантастика"
"2019/06/10 9:30:39 AM GMT+5","Девочка","Не били","2","Лучшая борда рунета","Би","Сычевать","2","5","5","Нет","Литература","Мне всё равно","впервые слышу что за чел","Оригатоё гайзаймас","Нет","Аниме;Драма;Комедия;Мелодрама;Фантастика"
"2019/06/10 9:31:49 AM GMT+5","Девочка","Не били","1","Не знаю","Гетеро","Сычевать","1","4","1","Нет","Матеша","Мне всё равно","Политик, лидер и боец","Чуть лучше, чем ничего","А колбаса какая, колбаса...","Детектив;Комедия;Фильм ужасов"
"2019/06/10 9:32:56 AM GMT+5","Девочка","Не били","1","Не знаю","Гетеро","Сычевать","1","3","7","Нет","Литература","Положительно","Политик, лидер и боец","Хорошо","А колбаса какая, колбаса...","Боевик;Детектив;Драма;Комедия;Мелодрама;Исторический фильм;Трагедия;Фильм ужасов;Фантастика"
"2019/06/10 9:33:16 AM GMT+5","Девочка","Не били","3","Не знаю","Гетеро","Гулять","0","3","4","Нет","Иностранные языки","Мне всё равно","Политик, лидер и боец","Чуть лучше, чем ничего","Нет","Комедия;Фантастика"
"2019/06/10 9:34:37 AM GMT+5","Мальчик","Часто","0","Лучшая борда рунета","Альтернативная","Гулять","1","5","4","Нет","История","Мне всё равно","действующий президент РФ","Чуть лучше, чем ничего","Нет","Детектив;Комедия;Исторический фильм;Трагедия;Фильм ужасов;Фантастика"
"2019/06/10 9:34:57 AM GMT+5","Девочка","Не били","4","Не знаю","Би","Сычевать","0","5","3","Нет","Литература","Мне всё равно","Посадят","Чуть лучше, чем ничего","Нет","Исторический фильм"
"2019/06/10 9:42:05 AM GMT+5","Девочка","Не били","2","Лучшая борда рунета","Би","Гулять","1","6","3","Нет","Иностранные языки","Мне всё равно","Умный манипулятор","Нормально","Нет","Детектив;Драма;Исторический фильм;Трагедия"
"2019/06/10 9:50:42 AM GMT+5","Девочка","Не били","5","Не знаю","Гетеро","Гулять","2","5","6","Нет","Литература","Отрицательно","Власть нельзя оскорблять))","НЭЙТИВ ИНГЛИШ СПИКЕР","Нет","Детектив;Аниме;Комедия;Фантастика"
"2019/06/10 10:18:36 AM GMT+5","Мальчик","Разве что по делу","2","Паблик в вк","Гетеро","Гулять","2","2","1","Нет","Физика","Мне всё равно","Политик, лидер и боец","Хорошо","А колбаса какая, колбаса...","Боевик;Комедия;Фантастика"
"2019/06/10 11:00:05 AM GMT+5","Девочка","Разве что по делу","0","Паблик в вк","Гетеро","Сычевать","3","7","1","Нет","Иностранные языки","Мне всё равно","...","Чуть лучше, чем ничего","А колбаса какая, колбаса...","Боевик;Детектив;Комедия;Фантастика"
"2019/06/10 11:02:32 AM GMT+5","Девочка","Не били","2","Паблик в вк","Гетеро","Сычевать","0","7","7","Нет","Литература","Мне всё равно","Ква","Нормально","Нет","Аниме;Фильм ужасов;Фантастика"
"2019/06/10 11:02:49 AM GMT+5","Девочка","Не били","3","Не знаю","Гетеро","Сычевать","0","3","4","Нет","Матеша","Мне всё равно","Политик, лидер и боец","Оригатоё гайзаймас","Нет","Исторический фильм"
"2019/06/10 11:05:40 AM GMT+5","Девочка","Не били","1","Не знаю","Гетеро","Гулять","0","3","5","Нет","Литература","Положительно","Политик, лидер и боец","Отлично","Нет","Драма;Комедия;Мелодрама;Фильм ужасов"
"2019/06/10 11:10:37 AM GMT+5","Девочка","Разве что по делу","0","Не знаю","Гетеро","Сычевать","0","2","5","Нет","Литература","Мне всё равно","Молодец","Нормально","Нет","Комедия"
"2019/06/10 11:20:21 AM GMT+5","Девочка","Разве что по делу","2","Не знаю","Гетеро","Гулять","0","5","5","Нет","Литература","Мне всё равно","мало озабочен жизнью народа","Нормально","Нет","Комедия;Трагедия;Фантастика"
"2019/06/10 11:22:51 AM GMT+5","Мальчик","Не били","1","Паблик в вк","Гетеро","Гулять","3","3","2","Нет","Литература","Мне всё равно","Владимир Путин","Нормально","Нет","Фантастика"
"2019/06/10 11:50:31 AM GMT+5","Мальчик","Часто","1","Лучшая борда рунета","Би","Сычевать","7","5","3","Я просто боюсь евреев","Информатика","Отрицательно","Сказочный.. выдумщик","Чуть лучше, чем ничего","Нет","Боевик;Комедия;Фантастика"
"2019/06/10 12:06:53 PM GMT+5","Девочка","Разве что по делу","0","Не знаю","Би","Сычевать","4","7","3","Нет","Информатика","Мне всё равно","********* *******","Нормально","Нет","Аниме;Фильм ужасов"
"2019/06/10 12:11:20 PM GMT+5","Девочка","Разве что по делу","2","Не знаю","Гетеро","Гулять","0","7","7","Нет","Литература","Мне всё равно","Меня посадят, если я отвечу ","Нормально","Нет","Детектив;Драма;Комедия;Мелодрама;Исторический фильм;Фантастика"
"2019/06/10 12:13:57 PM GMT+5","Мальчик","Разве что по делу","1","Лучшая борда рунета","Гетеро","Сычевать","6","0","1","Я просто боюсь евреев","Информатика","Отрицательно","вор","Оригатоё гайзаймас","А колбаса какая, колбаса...","Детектив;Аниме;Фильм ужасов;Фантастика"
"2019/06/10 12:42:26 PM GMT+5","Мальчик","Разве что по делу","3","Паблик в вк","Гетеро","Гулять","2","1","5","Нет","Информатика","Мне всё равно","Политик, лидер и боец","Чуть лучше, чем ничего","Нет","Детектив;Комедия;Фантастика"
"2019/06/10 12:44:59 PM GMT+5","Девочка","Не били","4","Не знаю","Гетеро","Гулять","0","7","7","Нет","Матеша","Мне всё равно","Молодец","Хорошо","Нет","Фильм ужасов;Фантастика"
"2019/06/10 12:48:37 PM GMT+5","Мальчик","Разве что по делу","2","Паблик в вк","Гетеро","Сычевать","4","3","2","Нет","Информатика","Положительно","Политик, лидер и боец","Хорошо","А колбаса какая, колбаса...","Боевик;Детектив;Аниме;Комедия;Исторический фильм;Фантастика"
"2019/06/10 12:48:49 PM GMT+5","Мальчик","Разве что по делу","0","Ненавижу Абу","Гетеро","Сычевать","1","4","2","Да","Литература","Положительно","красавчик","Нормально","Нет","Трагедия"
"2019/06/10 12:54:08 PM GMT+5","Мальчик","Не били","0","Лучшая борда рунета","Гетеро","Гулять","1","1","1","Нет","Информатика","Мне всё равно","-","Нормально","Нет","Боевик;Детектив"
"2019/06/10 1:25:04 PM GMT+5","Девочка","Часто","1","Паблик в вк","Гетеро","Сычевать","3","5","6","Нет","Иностранные языки","Мне всё равно","... ","Нормально","Нет","Боевик;Детектив;Драма;Комедия;Исторический фильм;Фантастика"
"2019/06/10 1:27:31 PM GMT+5","Мальчик","Разве что по делу","1","Лучшая борда рунета","Гетеро","Сычевать","6","4","5","Нет","История","Мне всё равно","Политик, лидер и боец","Нормально","Нет","Боевик;Детектив;Комедия;Исторический фильм;Трагедия;Фильм ужасов;Фантастика"
"2019/06/10 1:59:19 PM GMT+5","Мальчик","Не били","1","Паблик в вк","Гетеро","Гулять","3","4","2","Нет","История","Отрицательно","Промолчу","Чуть лучше, чем ничего","А колбаса какая, колбаса...","Боевик;Детектив;Комедия;Исторический фильм;Фильм ужасов;Фантастика"
"2019/06/10 2:06:00 PM GMT+5","Мальчик","Разве что по делу","2","Паблик в вк","Би","Сычевать","4","2","1","Нет","История","Мне всё равно","Свою страну с колен поднял","Нормально","А колбаса какая, колбаса...","Боевик;Детектив;Аниме;Комедия;Исторический фильм;Фантастика"
"2019/06/10 2:06:07 PM GMT+5","Мальчик","Разве что по делу","1","Паблик в вк","Гетеро","Сычевать","1","5","2","Нет","Химия","Отрицательно","Молодец","Отлично","Нет","Боевик;Драма;Комедия;Фантастика"
"2019/06/10 2:08:55 PM GMT+5","Девочка","Не били","2","Не знаю","Гетеро","Сычевать","4","2","6","Нет","История","Мне всё равно","Президент","Нормально","Нет","Боевик;Детектив;Комедия;Исторический фильм"
"2019/06/10 2:11:17 PM GMT+5","Мальчик","Не били","0","Не знаю","Гетеро","Сычевать","5","4","5","Нет","Химия","Положительно","Молодец","Чуть лучше, чем ничего","А колбаса какая, колбаса...","Детектив;Комедия;Исторический фильм;Фантастика"
"2019/06/10 2:13:29 PM GMT+5","Мальчик","Не били","1","Ненавижу Абу","Гетеро","Гулять","2","1","1","Я просто боюсь евреев","Физика","Отрицательно","Лутин пох","Нормально","А колбаса какая, колбаса...","Комедия;Фильм ужасов;Фантастика"
"2019/06/10 2:15:49 PM GMT+5","Девочка","Не били","1","Лучшая борда рунета","Гетеро","Гулять","5","5","3","Нет","Физика","Мне всё равно","Политик, лидер и боец","Хорошо","А колбаса какая, колбаса...","Боевик;Детектив;Драма;Комедия;Исторический фильм;Фантастика"
"2019/06/10 2:17:38 PM GMT+5","Девочка","Не били","2","Паблик в вк","Гетеро","Сычевать","4","3","1","Нет","Химия","Отрицательно","Президент","Чуть лучше, чем ничего","А колбаса какая, колбаса...","Драма;Мелодрама;Исторический фильм"
"2019/06/10 2:18:05 PM GMT+5","Девочка","Разве что по делу","2","Паблик в вк","Гетеро","Сычевать","2","4","2","Нет","Иностранные языки","Мне всё равно","Политик, лидер и боец","Нормально","Нет","Боевик;Детектив;Аниме;Драма;Комедия;Мелодрама;Фантастика"
"2019/06/10 2:22:08 PM GMT+5","Мальчик","Разве что по делу","3","Паблик в вк","Альтернативная","Сычевать","3","1","5","Нет","Матеша","Отрицательно","УК...","Хорошо","Нет","Исторический фильм;Фантастика"
"2019/06/10 2:22:10 PM GMT+5","Мальчик","Разве что по делу","3","Паблик в вк","Би","Сычевать","3","5","4","Нет","Химия","Положительно","Политик, лидер и боец","Хорошо","Нет","Комедия;Фильм ужасов;Фантастика"
"2019/06/10 2:23:45 PM GMT+5","Девочка","Разве что по делу","0","Лучшая борда рунета","Би","Сычевать","4","4","5","Нет","Иностранные языки","Мне всё равно","Сказочный","Нормально","А колбаса какая, колбаса...","Детектив;Трагедия;Фильм ужасов"
"2019/06/10 2:24:00 PM GMT+5","Девочка","Не били","1","Паблик в вк","Гетеро","Сычевать","5","2","4","Нет","Литература","Положительно","Политик, лидер и боец","Чуть лучше, чем ничего","Нет","Детектив;Комедия;Мелодрама;Исторический фильм;Фантастика"
"2019/06/10 2:24:08 PM GMT+5","Девочка","Не били","0","Паблик в вк","Гетеро","Сычевать","4","1","3","Я просто боюсь евреев","Литература","Мне всё равно","президент вроде, лол","Оригатоё гайзаймас","А колбаса какая, колбаса...","Боевик;Детектив;Фантастика"
"2019/06/10 2:25:13 PM GMT+5","Мальчик","Разве что по делу","1","Лучшая борда рунета","Гетеро","Гулять","2","2","2","Нет","Матеша","Мне всё равно","Политик, лидер и боец","Чуть лучше, чем ничего","Нет","Боевик;Детектив;Аниме;Комедия;Исторический фильм;Трагедия;Фильм ужасов;Фантастика"
"2019/06/10 2:26:29 PM GMT+5","Девочка","Часто","5","Ненавижу Абу","Альтернативная","Сычевать","7","7","7","Я просто боюсь евреев","Матеша","Мне всё равно","Политик, лидер и боец","НЭЙТИВ ИНГЛИШ СПИКЕР","А колбаса какая, колбаса...","Аниме"
"2019/06/10 2:38:11 PM GMT+5","Девочка","Не били","1","Не знаю","Би","Сычевать","3","4","4","Нет","История","Мне всё равно","Воландеморт - Волди - Володя - Владимир - Сам знаешь кто","Чуть лучше, чем ничего","А колбаса какая, колбаса...","Боевик;Детектив;Аниме;Комедия;Исторический фильм;Фильм ужасов;Фантастика"
"2019/06/10 2:38:15 PM GMT+5","Мальчик","Часто","1","Не знаю","Гетеро","Сычевать","5","1","1","Да","Физика","Отрицательно","Хер","Оригатоё гайзаймас","Нет","Боевик;Детектив;Комедия;Исторический фильм;Фантастика"
"2019/06/10 2:40:13 PM GMT+5","Девочка","Разве что по делу","1","Не знаю","Гетеро","Гулять","2","1","2","Нет","Матеша","Мне всё равно","Надоел","Чуть лучше, чем ничего","А колбаса какая, колбаса...","Драма;Комедия;Мелодрама"
"2019/06/10 2:44:03 PM GMT+5","Мальчик","Часто","0","Паблик в вк","Гетеро","Сычевать","3","2","1","Нет","Матеша","Мне всё равно","Окупировал пост призедента ","Чуть лучше, чем ничего","Нет","Боевик;Детектив;Аниме;Комедия;Фантастика"
"2019/06/10 2:45:33 PM GMT+5","Девочка","Разве что по делу","1","Не знаю","Гетеро","Сычевать","3","0","0","Нет","Литература","Мне всё равно","Оскорблять нельзя ","Чуть лучше, чем ничего","Нет","Комедия;Мелодрама;Фильм ужасов"
"2019/06/10 2:47:05 PM GMT+5","Мальчик","Не били","1","Ненавижу Абу","Гетеро","Сычевать","5","1","0","Нет","Иностранные языки","Мне всё равно","Бессмертный тиран","Отлично","Нет","Боевик;Драма;Комедия;Фантастика"
"2019/06/10 2:51:35 PM GMT+5","Девочка","Не били","2","Паблик в вк","Гетеро","Сычевать","2","2","7","Нет","Матеша","Мне всё равно","Нельзя говорить","Чуть лучше, чем ничего","А колбаса какая, колбаса...","Детектив;Комедия;Фильм ужасов"
"2019/06/10 2:54:55 PM GMT+5","Девочка","Разве что по делу","1","Не знаю","Гетеро","Сычевать","1","5","5","Нет","Литература","Мне всё равно","Человек","Чуть лучше, чем ничего","Нет","Детектив;Комедия;Мелодрама;Фантастика"
"2019/06/10 3:01:15 PM GMT+5","Девочка","Разве что по делу","1","Не знаю","Гетеро","Гулять","0","6","5","Нет","Химия","Мне всё равно","Политик, лидер и боец","Чуть лучше, чем ничего","А колбаса какая, колбаса...","Детектив;Драма;Комедия;Мелодрама"
"2019/06/10 3:03:36 PM GMT+5","Мальчик","Не били","3","Не знаю","Альтернативная","Сычевать","2","7","5","Нет","Химия","Положительно","Политик, лидер и боец","Нормально","Нет","Детектив;Драма;Фантастика"
"2019/06/10 3:08:07 PM GMT+5","Мальчик","Разве что по делу","1","Паблик в вк","Гетеро","Гулять","3","3","3","Нет","История","Отрицательно","-","Хорошо","Нет","Детектив;Комедия;Исторический фильм"
"2019/06/10 3:12:28 PM GMT+5","Девочка","Не били","2","Паблик в вк","Гетеро","Гулять","3","5","1","Нет","Матеша","Мне всё равно","Президент","Нормально","Нет","Детектив;Аниме;Комедия;Мелодрама;Фантастика"
"2019/06/10 3:36:24 PM GMT+5","Девочка","Разве что по делу","1","Паблик в вк","Би","Сычевать","3","2","5","Я просто боюсь евреев","История","Мне всё равно","Не хочу под статью","Оригатоё гайзаймас","А колбаса какая, колбаса...","Аниме"
"2019/06/10 3:50:34 PM GMT+5","Мальчик","Не били","1","Паблик в вк","Гетеро","Сычевать","2","1","1","Нет","Химия","Положительно","Наш президент страну поднял","Нормально","А колбаса какая, колбаса...","Боевик;Комедия;Фильм ужасов;Фантастика"
"2019/06/10 4:23:33 PM GMT+5","Девочка","Часто","3","Лучшая борда рунета","Гетеро","Сычевать","3","5","4","Нет","История","Мне всё равно","Хороший человек","Оригатоё гайзаймас","Нет","Детектив;Драма;Комедия;Фильм ужасов"
"2019/06/10 4:41:53 PM GMT+5","Мальчик","Разве что по делу","1","Лучшая борда рунета","Гетеро","Гулять","2","4","3","Я просто боюсь евреев","Информатика","Отрицательно","Не очень","Хорошо","Нет","Детектив;Фильм ужасов;Фантастика"
"2019/06/10 4:50:48 PM GMT+5","Мальчик","Разве что по делу","3","Паблик в вк","Гетеро","Сычевать","7","1","3","Нет","История","Отрицательно","Сказочник","Хорошо","Нет","Боевик;Драма;Комедия;Исторический фильм;Трагедия;Фильм ужасов;Фантастика"
"2019/06/10 5:06:24 PM GMT+5","Девочка","Не били","1","Не знаю","Гетеро","Сычевать","0","3","0","Нет","Матеша","Мне всё равно","Молодец","Нормально","А колбаса какая, колбаса...","Комедия;Фильм ужасов"
"2019/06/10 5:07:38 PM GMT+5","Девочка","Не били","2","Не знаю","Гетеро","Сычевать","3","3","7","Нет","Биология","Мне всё равно","Политик, лидер и боец","Чуть лучше, чем ничего","А колбаса какая, колбаса...","Драма;Комедия;Фантастика"
"2019/06/10 5:18:51 PM GMT+5","Мальчик","Часто","2","Ненавижу Абу","Гетеро","Гулять","3","2","2","Нет","Информатика","Положительно","Фофан ","Чуть лучше, чем ничего","Нет","Детектив;Комедия;Фильм ужасов;Фантастика"
"2019/06/10 5:27:26 PM GMT+5","Девочка","Разве что по делу","5","Не знаю","Гетеро","Гулять","2","1","4","Нет","Литература","Мне всё равно","Политик, лидер и боец","НЭЙТИВ ИНГЛИШ СПИКЕР","А колбаса какая, колбаса...","Комедия;Фильм ужасов"
"2019/06/10 5:34:24 PM GMT+5","Девочка","Часто","0","Паблик в вк","Альтернативная","Сычевать","1","4","1","Нет","Химия","Мне всё равно","👎","Хорошо","А колбаса какая, колбаса...","Детектив;Драма;Трагедия;Фильм ужасов"
"2019/06/10 5:38:49 PM GMT+5","Девочка","Не били","0","Не знаю","Гетеро","Сычевать","0","5","7","Нет","Литература","Мне всё равно","Политик, лидер и боец","Чуть лучше, чем ничего","Нет","Боевик;Детектив;Аниме;Драма;Комедия;Трагедия"
"2019/06/10 5:40:11 PM GMT+5","Девочка","Не били","2","Паблик в вк","Гетеро","Сычевать","1","1","1","Нет","Литература","Положительно","Политик, лидер и боец","Чуть лучше, чем ничего","Нет","Аниме;Драма;Комедия"
"2019/06/10 7:08:36 PM GMT+5","Девочка","Разве что по делу","1","Паблик в вк","Гетеро","Сычевать","4","5","2","Нет","Химия","Мне всё равно","Политик, лидер и боец","Чуть лучше, чем ничего","А колбаса какая, колбаса...","Боевик;Детектив;Комедия;Фантастика"
"2019/06/10 7:16:11 PM GMT+5","Девочка","Не били","0","Паблик в вк","Гетеро","Гулять","0","2","2","Я просто боюсь евреев","Иностранные языки","Мне всё равно","Политик, лидер и боец","НЭЙТИВ ИНГЛИШ СПИКЕР","Нет","Боевик;Комедия;Мелодрама;Исторический фильм"
"2019/06/10 7:55:21 PM GMT+5","Мальчик","Не били","1","Не знаю","Гетеро","Сычевать","2","1","1","Нет","Физика","Отрицательно","Сказочный","Оригатоё гайзаймас","Нет","Исторический фильм"
"2019/06/10 8:11:06 PM GMT+5","Девочка","Не били","2","Не знаю","Гетеро","Гулять","0","2","6","Нет","Биология","Мне всё равно","Политик, лидер и боец","НЭЙТИВ ИНГЛИШ СПИКЕР","Нет","Детектив;Драма;Комедия;Мелодрама"
"2019/06/10 8:30:16 PM GMT+5","Мальчик","Не били","2","Не знаю","Гетеро","Сычевать","3","3","3","Нет","Информатика","Положительно","Политик, лидер и боец","Оригатоё гайзаймас","Нет","Боевик;Исторический фильм"
"2019/06/10 8:52:31 PM GMT+5","Девочка","Не били","2","Лучшая борда рунета","Гетеро","Сычевать","3","5","7","Нет","Иностранные языки","Отрицательно","Говно","Отлично","Нет","Детектив;Драма;Комедия;Мелодрама;Фильм ужасов"
"2019/06/10 10:09:17 PM GMT+5","Девочка","Разве что по делу","1","Паблик в вк","Гетеро","Сычевать","0","4","4","Нет","Биология","Мне всё равно","Политик, лидер и боец","Чуть лучше, чем ничего","А колбаса какая, колбаса...","Детектив"
"2019/06/10 10:11:03 PM GMT+5","Девочка","Не били","1","Не знаю","Гетеро","Сычевать","1","1","1","Нет","Физика","Мне всё равно","Молодец","Оригатоё гайзаймас","Нет","Боевик;Детектив;Аниме;Драма;Комедия;Мелодрама;Исторический фильм;Трагедия;Фильм ужасов;Фантастика"
"2019/06/10 10:15:25 PM GMT+5","Мальчик","Не били","0","Лучшая борда рунета","Гетеро","Сычевать","4","4","0","Нет","Физика","Мне всё равно","Молодец","Чуть лучше, чем ничего","А колбаса какая, колбаса...","Фантастика"
"2019/06/10 10:15:42 PM GMT+5","Девочка","Разве что по делу","1","Паблик в вк","Гетеро","Сычевать","5","6","2","Нет","Литература","Положительно","Политик, лидер и боец","Нормально","Нет","Боевик;Детектив;Драма;Комедия;Мелодрама;Трагедия;Фильм ужасов"
"2019/06/10 10:35:58 PM GMT+5","Мальчик","Разве что по делу","0","Не знаю","Гетеро","Гулять","0","1","1","Нет","Физика","Положительно","Политик, лидер и боец","Чуть лучше, чем ничего","Нет","Боевик;Комедия;Фантастика"
"2019/06/10 11:44:53 PM GMT+5","Мальчик","Разве что по делу","1","Паблик в вк","Гетеро","Гулять","3","5","4","Нет","Информатика","Положительно","Политик, лидер и боец","Чуть лучше, чем ничего","Нет","Аниме;Комедия;Исторический фильм;Фильм ужасов;Фантастика"
"2019/06/11 12:14:44 AM GMT+5","Мальчик","Разве что по делу","1","Паблик в вк","Гетеро","Сычевать","6","1","3","Нет","Биология","Мне всё равно","Политик, лидер и боец","Оригатоё гайзаймас","А колбаса какая, колбаса...","Аниме;Комедия;Фантастика"
"2019/06/11 12:46:33 AM GMT+5","Девочка","Разве что по делу","1","Не знаю","Гетеро","Гулять","1","1","1","Нет","Биология","Мне всё равно","бла бла","Чуть лучше, чем ничего","Нет","Боевик;Детектив;Аниме;Комедия"
"2019/06/11 12:50:21 AM GMT+5","Девочка","Разве что по делу","3","Не знаю","Би","Сычевать","2","5","0","Нет","Иностранные языки","Мне всё равно","Политик, лидер и боец","Хорошо","Нет","Детектив;Драма;Комедия;Трагедия;Фильм ужасов"
"2019/06/11 2:01:23 AM GMT+5","Девочка","Часто","3","Лучшая борда рунета","Гетеро","Гулять","7","1","7","Нет","Иностранные языки","Положительно","Политик, лидер и боец","Нормально","Нет","Боевик;Детектив;Аниме;Комедия;Фильм ужасов;Фантастика"
"2019/06/11 11:11:27 AM GMT+5","Девочка","Разве что по делу","1","Ненавижу Абу","Би","Сычевать","0","4","5","Я просто боюсь евреев","Литература","Мне всё равно","Политик, лидер и боец","Чуть лучше, чем ничего","А колбаса какая, колбаса...","Комедия;Мелодрама;Фильм ужасов"
"2019/06/11 11:26:37 AM GMT+5","Мальчик","Не били","1","Лучшая борда рунета","Гетеро","Сычевать","1","0","1","Нет","Информатика","Мне всё равно","Молодец","Хорошо","Нет","Аниме;Трагедия;Фантастика"
"2019/06/11 11:28:24 AM GMT+5","Мальчик","Разве что по делу","3","Лучшая борда рунета","Гетеро","Сычевать","1","0","1","Нет","Физика","Мне всё равно","Политик, лидер и боец","Чуть лучше, чем ничего","Нет","Боевик;Аниме;Комедия;Исторический фильм;Фантастика"
"2019/06/11 11:29:58 AM GMT+5","Мальчик","Разве что по делу","3","Лучшая борда рунета","Гетеро","Сычевать","1","0","1","Нет","Физика","Мне всё равно","Политик, лидер и боец","Чуть лучше, чем ничего","Нет","Боевик;Аниме;Комедия;Фантастика"
"2019/06/11 12:40:23 PM GMT+5","Девочка","Разве что по делу","4","Лучшая борда рунета","Гетеро","Сычевать","1","5","7","Нет","Литература","Мне всё равно","Политик, лидер и боец","НЭЙТИВ ИНГЛИШ СПИКЕР","Нет","Боевик;Детектив;Фильм ужасов;Фантастика"
"2019/06/11 12:53:58 PM GMT+5","Девочка","Не били","2","Не знаю","Гетеро","Сычевать","1","5","4","Нет","Литература","Мне всё равно","Президент ","Чуть лучше, чем ничего","А колбаса какая, колбаса...","Аниме;Драма;Комедия;Мелодрама;Исторический фильм;Фантастика"
"2019/06/11 4:09:08 PM GMT+5","Мальчик","Не били","0","Ненавижу Абу","Гетеро","Гулять","1","4","3","Нет","Иностранные языки","Мне всё равно","-","Нормально","Нет","Боевик;Детектив;Комедия;Фильм ужасов"
"2019/06/11 4:22:09 PM GMT+5","Девочка","Часто","0","Лучшая борда рунета","Гетеро","Гулять","3","5","2","Нет","Химия","Мне всё равно","Молодец","Нормально","Нет","Детектив;Комедия;Фильм ужасов"
"2019/06/11 4:59:02 PM GMT+5","Девочка","Не били","4","Не знаю","Гетеро","Гулять","0","4","5","Нет","Матеша","Мне всё равно","Царь","Хорошо","А колбаса какая, колбаса...","Драма;Мелодрама;Трагедия;Фильм ужасов;Фантастика"
"2019/06/11 7:51:50 PM GMT+5","Девочка","Не били","1","Не знаю","Би","Сычевать","3","5","7","Нет","Литература","Мне всё равно","Молодец","Чуть лучше, чем ничего","А колбаса какая, колбаса...","Детектив;Исторический фильм;Фантастика"
"2019/06/11 8:03:10 PM GMT+5","Мальчик","Не били","0","Не знаю","Гетеро","Гулять","1","1","2","Нет","Физика","Мне всё равно","Отрицательный персонаж ","Нормально","Нет","Драма;Комедия;Фантастика"
"2019/06/11 8:16:22 PM GMT+5","Мальчик","Разве что по делу","2","Паблик в вк","Гетеро","Сычевать","0","7","1","Нет","Физика","Мне всё равно","Молодец","Чуть лучше, чем ничего","А колбаса какая, колбаса...","Детектив;Драма;Комедия;Фантастика"
"2019/06/11 9:41:19 PM GMT+5","Девочка","Не били","3","Лучшая борда рунета","Би","Сычевать","1","4","3","Нет","Химия","Отрицательно","Молодец","Оригатоё гайзаймас","А колбаса какая, колбаса...","Детектив;Трагедия;Фильм ужасов"
"2019/06/11 11:03:27 PM GMT+5","Мальчик","Не били","2","Не знаю","Альтернативная","Гулять","4","3","5","Нет","История","Отрицательно","Молодец","Отлично","А колбаса какая, колбаса...","Боевик;Исторический фильм;Фантастика"
"2019/06/12 12:05:35 AM GMT+5","Девочка","Не били","2","Не знаю","Гетеро","Сычевать","1","5","3","Нет","Химия","Мне всё равно","Молодец","НЭЙТИВ ИНГЛИШ СПИКЕР","Нет","Комедия"
"2019/06/12 12:19:30 AM GMT+5","Девочка","Не били","2","Не знаю","Гетеро","Сычевать","0","6","6","Нет","История","Мне всё равно","Фиг знает ","Чуть лучше, чем ничего","Нет","Детектив;Драма;Комедия;Мелодрама;Фантастика"
"2019/06/12 12:49:01 AM GMT+5","Девочка","Разве что по делу","1","Паблик в вк","Би","Сычевать","5","3","0","Нет","Иностранные языки","Мне всё равно","Политик, лидер и боец","Хорошо","А колбаса какая, колбаса...","Боевик;Комедия;Фантастика"
"2019/06/12 1:17:35 AM GMT+5","Девочка","Разве что по делу","2","Не знаю","Гетеро","Гулять","2","5","3","Нет","Литература","Мне всё равно","Политик, лидер и боец","Чуть лучше, чем ничего","Нет","Комедия;Мелодрама"
"2019/06/12 2:23:42 PM GMT+5","Девочка","Разве что по делу","1","Не знаю","Гетеро","Сычевать","1","0","1","Нет","Матеша","Мне всё равно","Молодец","Чуть лучше, чем ничего","А колбаса какая, колбаса...","Детектив;Фильм ужасов"
"2019/06/12 4:33:40 PM GMT+5","Девочка","Разве что по делу","2","Лучшая борда рунета","Гетеро","Сычевать","3","3","4","Нет","Информатика","Мне всё равно","Молодец","Чуть лучше, чем ничего","Нет","Боевик;Трагедия;Фантастика"
"2019/06/12 5:28:47 PM GMT+5","Девочка","Не били","0","Не знаю","Альтернативная","Сычевать","4","7","0","Я просто боюсь евреев","История","Отрицательно","Молодец, но экономика- пипец","Оригатоё гайзаймас","А колбаса какая, колбаса...","Аниме;Драма;Комедия;Мелодрама;Исторический фильм;Трагедия;Фильм ужасов"
"2019/06/12 6:48:30 PM GMT+5","Мальчик","Не били","2","Не знаю","Гетеро","Сычевать","7","2","2","Нет","Матеша","Отрицательно","1234","Отлично","Нет","Аниме;Мелодрама;Фантастика"
"2019/06/12 7:16:14 PM GMT+5","Девочка","Разве что по делу","0","Паблик в вк","Гетеро","Сычевать","0","5","0","Да","Иностранные языки","Мне всё равно","Политик, лидер и боец","Хорошо","А колбаса какая, колбаса...","Боевик;Драма;Мелодрама"
"2019/06/12 9:47:07 PM GMT+5","Девочка","Не били","0","Лучшая борда рунета","Гетеро","Сычевать","7","2","4","Нет","Литература","Мне всё равно","Гавно","Чуть лучше, чем ничего","Нет","Боевик;Драма;Комедия;Исторический фильм;Фантастика"
"2019/06/12 11:10:24 PM GMT+5","Девочка","Разве что по делу","1","Не знаю","Гетеро","Сычевать","1","7","7","Нет","Литература","Мне всё равно","Политик, лидер и боец","Чуть лучше, чем ничего","Нет","Детектив;Драма;Мелодрама;Исторический фильм;Фантастика"
"2019/06/13 4:24:16 AM GMT+5","Девочка","Разве что по делу","1","Паблик в вк","Гетеро","Сычевать","4","7","7","Нет","Литература","Мне всё равно","х а","Хорошо","Нет","Аниме;Драма;Комедия;Мелодрама;Исторический фильм;Трагедия;Фильм ужасов"
"2019/06/13 3:18:57 PM GMT+5","Девочка","Разве что по делу","0","Не знаю","Гетеро","Гулять","6","0","6","Нет","Литература","Мне всё равно","Политик, лидер и боец","Чуть лучше, чем ничего","Нет","Боевик;Комедия;Фильм ужасов;Фантастика"
"2019/06/13 6:28:08 PM GMT+5","Девочка","Не били","2","Паблик в вк","Альтернативная","Сычевать","2","5","1","Нет","Матеша","Отрицательно","Политик, лидер и боец","Чуть лучше, чем ничего","Нет","Боевик;Детектив;Аниме;Фантастика"
"2019/06/14 12:55:23 AM GMT+5","Мальчик","Не били","1","Лучшая борда рунета","Гетеро","Сычевать","2","0","2","Нет","Матеша","Мне всё равно","президент.","Хорошо","Нет","Боевик;Детектив;Драма;Исторический фильм;Фантастика"
"2019/06/14 8:51:35 AM GMT+5","Мальчик","Часто","0","Лучшая борда рунета","Би","Сычевать","7","0","4","Я просто боюсь евреев","Информатика","Мне всё равно","Политик, лидер и боец","НЭЙТИВ ИНГЛИШ СПИКЕР","Нет","Фантастика"
"2019/06/14 11:09:44 AM GMT+5","Девочка","Не били","1","Не знаю","Би","Сычевать","2","6","0","Нет","Иностранные языки","Мне всё равно","Политик, лидер и боец","Чуть лучше, чем ничего","Нет","Детектив;Аниме;Драма;Комедия;Мелодрама;Фильм ужасов;Фантастика"
"2019/06/14 8:44:01 PM GMT+5","Девочка","Не били","5","Паблик в вк","Гетеро","Гулять","4","2","2","Нет","Литература","Положительно","Молодец","Чуть лучше, чем ничего","Нет","Детектив;Драма;Комедия;Мелодрама;Исторический фильм;Трагедия;Фантастика"
"2019/06/15 4:01:14 PM GMT+5","Девочка","Не били","1","Лучшая борда рунета","Гетеро","Сычевать","0","4","3","Нет","Химия","Мне всё равно","Политик, лидер и боец","НЭЙТИВ ИНГЛИШ СПИКЕР","А колбаса какая, колбаса...","Драма;Комедия;Мелодрама;Исторический фильм;Фантастика"
"2019/06/17 12:33:59 AM GMT+5","Мальчик","Разве что по делу","1","Лучшая борда рунета","Гетеро","Сычевать","3","2","4","Нет","Литература","Мне всё равно","Политик, лидер и боец","Чуть лучше, чем ничего","А колбаса какая, колбаса...","Боевик;Детектив;Аниме;Комедия;Фантастика"
"2019/06/17 11:35:51 AM GMT+5","Мальчик","Разве что по делу","2","Паблик в вк","Гетеро","Гулять","0","2","4","Нет","Матеша","Мне всё равно","Хих","Нормально","А колбаса какая, колбаса...","Детектив;Комедия;Мелодрама;Фантастика"
"2019/06/21 10:30:18 PM GMT+5","Девочка","Не били","2","Паблик в вк","Гетеро","Сычевать","4","6","6","Нет","Иностранные языки","Отрицательно","*****","Нормально","Нет","Детектив;Мелодрама;Исторический фильм"